<?xml version="1.0" encoding="UTF-8"?>
<project name="module_edaixi-api-autotest-apiserver" default="compile.module.edaixi-api-autotest-apiserver">
  <dirname property="module.edaixi-api-autotest-apiserver.basedir" file="${ant.file.module_edaixi-api-autotest-apiserver}"/>
  
  <property name="module.jdk.home.edaixi-api-autotest-apiserver" value="${project.jdk.home}"/>
  <property name="module.jdk.bin.edaixi-api-autotest-apiserver" value="${project.jdk.bin}"/>
  <property name="module.jdk.classpath.edaixi-api-autotest-apiserver" value="${project.jdk.classpath}"/>
  
  <property name="compiler.args.edaixi-api-autotest-apiserver" value="-encoding UTF-8 -source 1.5 -target 1.5 ${compiler.args}"/>
  
  <property name="edaixi-api-autotest-apiserver.output.dir" value="${module.edaixi-api-autotest-apiserver.basedir}/target/classes"/>
  <property name="edaixi-api-autotest-apiserver.testoutput.dir" value="${module.edaixi-api-autotest-apiserver.basedir}/target/test-classes"/>
  
  <path id="edaixi-api-autotest-apiserver.module.bootclasspath">
    <!-- Paths to be included in compilation bootclasspath -->
  </path>
  
  <path id="edaixi-api-autotest-apiserver.module.production.classpath">
    <path refid="${module.jdk.classpath.edaixi-api-autotest-apiserver}"/>
    <path refid="library.maven:_org.springframework:spring-web:3.2.6.release.classpath"/>
    <path refid="library.maven:_aopalliance:aopalliance:1.0.classpath"/>
    <path refid="library.maven:_org.springframework:spring-core:3.2.6.release.classpath"/>
    <path refid="library.maven:_com.google.guava:guava:17.0.classpath"/>
    <path refid="library.maven:_com.edaixi.base.qa:base-qa-common:1.9.classpath"/>
    <path refid="library.maven:_org.redisson:redisson:1.0.2.classpath"/>
    <path refid="library.maven:_io.netty:netty-buffer:4.0.14.final.classpath"/>
    <path refid="library.maven:_io.netty:netty-common:4.0.14.final.classpath"/>
    <path refid="library.maven:_io.netty:netty-transport:4.0.14.final.classpath"/>
    <path refid="library.maven:_io.netty:netty-handler:4.0.14.final.classpath"/>
    <path refid="library.maven:_io.netty:netty-codec-http:4.0.14.final.classpath"/>
    <path refid="library.maven:_io.netty:netty-codec:4.0.14.final.classpath"/>
    <path refid="library.maven:_com.fasterxml.jackson.core:jackson-core:2.3.1.classpath"/>
    <path refid="library.maven:_com.fasterxml.jackson.core:jackson-databind:2.3.1.classpath"/>
    <path refid="library.maven:_com.fasterxml.jackson.core:jackson-annotations:2.3.0.classpath"/>
    <path refid="library.maven:_redis.clients:jedis:2.8.0.classpath"/>
    <path refid="library.maven:_org.apache.commons:commons-pool2:2.3.classpath"/>
    <path refid="library.maven:_junit:junit:4.11.classpath"/>
    <path refid="library.maven:_org.hamcrest:hamcrest-core:1.3.classpath"/>
    <path refid="library.maven:_com.google.code.gson:gson:2.4.classpath"/>
    <path refid="library.maven:_com.alibaba:fastjson:1.2.3.classpath"/>
    <path refid="library.maven:_javax.servlet:javax.servlet-api:3.0.1.classpath"/>
    <path refid="library.maven:_log4j:log4j:1.2.16.classpath"/>
    <path refid="library.maven:_org.slf4j:slf4j-api:1.6.1.classpath"/>
    <path refid="library.maven:_org.slf4j:slf4j-log4j12:1.6.1.classpath"/>
    <path refid="library.maven:_commons-logging:commons-logging:1.1.3.classpath"/>
    <path refid="library.maven:_org.apache.httpcomponents:httpclient:4.3.6.classpath"/>
    <path refid="library.maven:_org.apache.httpcomponents:httpcore:4.3.3.classpath"/>
    <path refid="library.maven:_commons-codec:commons-codec:1.6.classpath"/>
    <path refid="library.maven:_org.springframework:spring-beans:3.2.6.release.classpath"/>
    <path refid="library.maven:_org.springframework:spring-aop:3.2.6.release.classpath"/>
    <path refid="library.maven:_org.springframework:spring-context:3.2.6.release.classpath"/>
    <path refid="library.maven:_org.springframework:spring-expression:3.2.6.release.classpath"/>
    <path refid="library.maven:_org.springframework:spring-context-support:3.2.6.release.classpath"/>
    <path refid="library.maven:_org.springframework:spring-tx:3.2.6.release.classpath"/>
    <path refid="library.maven:_org.springframework:spring-jdbc:3.2.6.release.classpath"/>
    <path refid="library.maven:_org.springframework:spring-test:3.2.6.release.classpath"/>
    <path refid="library.maven:_mysql:mysql-connector-java:5.0.5.classpath"/>
    <path refid="library.maven:_maven:dom4j:1.7-20060614.classpath"/>
    <path refid="library.maven:_jaxme:jaxme-api:0.3.classpath"/>
    <path refid="library.maven:_jaxen:jaxen:1.1-beta-8.classpath"/>
    <path refid="library.maven:_dom4j:dom4j:1.6.1.classpath"/>
    <path refid="library.maven:_jdom:jdom:1.0.classpath"/>
    <path refid="library.maven:_xerces:xmlparserapis:2.6.2.classpath"/>
    <path refid="library.maven:_xom:xom:1.0b3.classpath"/>
    <path refid="library.maven:_com.ibm.icu:icu4j:2.6.1.classpath"/>
    <path refid="library.maven:_org.ccil.cowan.tagsoup:tagsoup:0.9.7.classpath"/>
    <path refid="library.maven:_msv:xsdlib:20030807.classpath"/>
    <path refid="library.maven:_msv:relaxngdatatype:20030807.classpath"/>
    <path refid="library.maven:_pull-parser:pull-parser:2.1.10.classpath"/>
    <path refid="library.maven:_xpp3:xpp3:1.1.3.3.classpath"/>
    <path refid="library.maven:_stax:stax-api:1.0.classpath"/>
    <path refid="library.maven:_junitperf:junitperf:1.8.classpath"/>
    <path refid="library.maven:_commons-dbcp:commons-dbcp:1.3.classpath"/>
    <path refid="library.maven:_commons-pool:commons-pool:1.5.4.classpath"/>
    <path refid="library.maven:_net.sourceforge.htmlunit:htmlunit-core-js:2.15.classpath"/>
    <path refid="library.maven:_net.sourceforge.htmlunit:htmlunit:2.15.classpath"/>
    <path refid="library.maven:_xalan:xalan:2.7.1.classpath"/>
    <path refid="library.maven:_xalan:serializer:2.7.1.classpath"/>
    <path refid="library.maven:_commons-collections:commons-collections:3.2.1.classpath"/>
    <path refid="library.maven:_org.apache.commons:commons-lang3:3.3.2.classpath"/>
    <path refid="library.maven:_org.apache.httpcomponents:httpmime:4.3.3.classpath"/>
    <path refid="library.maven:_xerces:xercesimpl:2.11.0.classpath"/>
    <path refid="library.maven:_net.sourceforge.nekohtml:nekohtml:1.9.21.classpath"/>
    <path refid="library.maven:_net.sourceforge.cssparser:cssparser:0.9.14.classpath"/>
    <path refid="library.maven:_org.w3c.css:sac:1.3.classpath"/>
    <path refid="library.maven:_commons-io:commons-io:2.4.classpath"/>
    <path refid="library.maven:_org.eclipse.jetty:jetty-websocket:8.1.15.v20140411.classpath"/>
    <path refid="library.maven:_org.eclipse.jetty:jetty-util:8.1.15.v20140411.classpath"/>
    <path refid="library.maven:_org.eclipse.jetty:jetty-io:8.1.15.v20140411.classpath"/>
    <path refid="library.maven:_org.eclipse.jetty:jetty-http:8.1.15.v20140411.classpath"/>
    <path refid="library.maven:_xml-apis:xml-apis:1.4.01.classpath"/>
    <path refid="library.maven:_com.googlecode.json-simple:json-simple:1.1.1.classpath"/>
  </path>
  
  <path id="edaixi-api-autotest-apiserver.runtime.production.module.classpath">
    <pathelement location="${edaixi-api-autotest-apiserver.output.dir}"/>
    <path refid="library.maven:_org.springframework:spring-web:3.2.6.release.classpath"/>
    <path refid="library.maven:_aopalliance:aopalliance:1.0.classpath"/>
    <path refid="library.maven:_org.springframework:spring-core:3.2.6.release.classpath"/>
    <path refid="library.maven:_com.google.guava:guava:17.0.classpath"/>
    <path refid="library.maven:_com.edaixi.base.qa:base-qa-common:1.9.classpath"/>
    <path refid="library.maven:_org.redisson:redisson:1.0.2.classpath"/>
    <path refid="library.maven:_io.netty:netty-buffer:4.0.14.final.classpath"/>
    <path refid="library.maven:_io.netty:netty-common:4.0.14.final.classpath"/>
    <path refid="library.maven:_io.netty:netty-transport:4.0.14.final.classpath"/>
    <path refid="library.maven:_io.netty:netty-handler:4.0.14.final.classpath"/>
    <path refid="library.maven:_io.netty:netty-codec-http:4.0.14.final.classpath"/>
    <path refid="library.maven:_io.netty:netty-codec:4.0.14.final.classpath"/>
    <path refid="library.maven:_com.fasterxml.jackson.core:jackson-core:2.3.1.classpath"/>
    <path refid="library.maven:_com.fasterxml.jackson.core:jackson-databind:2.3.1.classpath"/>
    <path refid="library.maven:_com.fasterxml.jackson.core:jackson-annotations:2.3.0.classpath"/>
    <path refid="library.maven:_redis.clients:jedis:2.8.0.classpath"/>
    <path refid="library.maven:_org.apache.commons:commons-pool2:2.3.classpath"/>
    <path refid="library.maven:_junit:junit:4.11.classpath"/>
    <path refid="library.maven:_org.hamcrest:hamcrest-core:1.3.classpath"/>
    <path refid="library.maven:_com.google.code.gson:gson:2.4.classpath"/>
    <path refid="library.maven:_com.alibaba:fastjson:1.2.3.classpath"/>
    <path refid="library.maven:_javax.servlet:javax.servlet-api:3.0.1.classpath"/>
    <path refid="library.maven:_log4j:log4j:1.2.16.classpath"/>
    <path refid="library.maven:_org.slf4j:slf4j-api:1.6.1.classpath"/>
    <path refid="library.maven:_org.slf4j:slf4j-log4j12:1.6.1.classpath"/>
    <path refid="library.maven:_commons-logging:commons-logging:1.1.3.classpath"/>
    <path refid="library.maven:_org.apache.httpcomponents:httpclient:4.3.6.classpath"/>
    <path refid="library.maven:_org.apache.httpcomponents:httpcore:4.3.3.classpath"/>
    <path refid="library.maven:_commons-codec:commons-codec:1.6.classpath"/>
    <path refid="library.maven:_org.springframework:spring-beans:3.2.6.release.classpath"/>
    <path refid="library.maven:_org.springframework:spring-aop:3.2.6.release.classpath"/>
    <path refid="library.maven:_org.springframework:spring-context:3.2.6.release.classpath"/>
    <path refid="library.maven:_org.springframework:spring-expression:3.2.6.release.classpath"/>
    <path refid="library.maven:_org.springframework:spring-context-support:3.2.6.release.classpath"/>
    <path refid="library.maven:_org.springframework:spring-tx:3.2.6.release.classpath"/>
    <path refid="library.maven:_org.springframework:spring-jdbc:3.2.6.release.classpath"/>
    <path refid="library.maven:_org.springframework:spring-test:3.2.6.release.classpath"/>
    <path refid="library.maven:_mysql:mysql-connector-java:5.0.5.classpath"/>
    <path refid="library.maven:_maven:dom4j:1.7-20060614.classpath"/>
    <path refid="library.maven:_jaxme:jaxme-api:0.3.classpath"/>
    <path refid="library.maven:_jaxen:jaxen:1.1-beta-8.classpath"/>
    <path refid="library.maven:_dom4j:dom4j:1.6.1.classpath"/>
    <path refid="library.maven:_jdom:jdom:1.0.classpath"/>
    <path refid="library.maven:_xerces:xmlparserapis:2.6.2.classpath"/>
    <path refid="library.maven:_xom:xom:1.0b3.classpath"/>
    <path refid="library.maven:_com.ibm.icu:icu4j:2.6.1.classpath"/>
    <path refid="library.maven:_org.ccil.cowan.tagsoup:tagsoup:0.9.7.classpath"/>
    <path refid="library.maven:_msv:xsdlib:20030807.classpath"/>
    <path refid="library.maven:_msv:relaxngdatatype:20030807.classpath"/>
    <path refid="library.maven:_pull-parser:pull-parser:2.1.10.classpath"/>
    <path refid="library.maven:_xpp3:xpp3:1.1.3.3.classpath"/>
    <path refid="library.maven:_stax:stax-api:1.0.classpath"/>
    <path refid="library.maven:_junitperf:junitperf:1.8.classpath"/>
    <path refid="library.maven:_commons-dbcp:commons-dbcp:1.3.classpath"/>
    <path refid="library.maven:_commons-pool:commons-pool:1.5.4.classpath"/>
    <path refid="library.maven:_net.sourceforge.htmlunit:htmlunit-core-js:2.15.classpath"/>
    <path refid="library.maven:_net.sourceforge.htmlunit:htmlunit:2.15.classpath"/>
    <path refid="library.maven:_xalan:xalan:2.7.1.classpath"/>
    <path refid="library.maven:_xalan:serializer:2.7.1.classpath"/>
    <path refid="library.maven:_commons-collections:commons-collections:3.2.1.classpath"/>
    <path refid="library.maven:_org.apache.commons:commons-lang3:3.3.2.classpath"/>
    <path refid="library.maven:_org.apache.httpcomponents:httpmime:4.3.3.classpath"/>
    <path refid="library.maven:_xerces:xercesimpl:2.11.0.classpath"/>
    <path refid="library.maven:_net.sourceforge.nekohtml:nekohtml:1.9.21.classpath"/>
    <path refid="library.maven:_net.sourceforge.cssparser:cssparser:0.9.14.classpath"/>
    <path refid="library.maven:_org.w3c.css:sac:1.3.classpath"/>
    <path refid="library.maven:_commons-io:commons-io:2.4.classpath"/>
    <path refid="library.maven:_org.eclipse.jetty:jetty-websocket:8.1.15.v20140411.classpath"/>
    <path refid="library.maven:_org.eclipse.jetty:jetty-util:8.1.15.v20140411.classpath"/>
    <path refid="library.maven:_org.eclipse.jetty:jetty-io:8.1.15.v20140411.classpath"/>
    <path refid="library.maven:_org.eclipse.jetty:jetty-http:8.1.15.v20140411.classpath"/>
    <path refid="library.maven:_xml-apis:xml-apis:1.4.01.classpath"/>
    <path refid="library.maven:_com.googlecode.json-simple:json-simple:1.1.1.classpath"/>
  </path>
  
  <path id="edaixi-api-autotest-apiserver.module.classpath">
    <path refid="${module.jdk.classpath.edaixi-api-autotest-apiserver}"/>
    <pathelement location="${edaixi-api-autotest-apiserver.output.dir}"/>
    <path refid="library.maven:_org.springframework:spring-web:3.2.6.release.classpath"/>
    <path refid="library.maven:_aopalliance:aopalliance:1.0.classpath"/>
    <path refid="library.maven:_org.springframework:spring-core:3.2.6.release.classpath"/>
    <path refid="library.maven:_com.google.guava:guava:17.0.classpath"/>
    <path refid="library.maven:_com.edaixi.base.qa:base-qa-common:1.9.classpath"/>
    <path refid="library.maven:_org.redisson:redisson:1.0.2.classpath"/>
    <path refid="library.maven:_io.netty:netty-buffer:4.0.14.final.classpath"/>
    <path refid="library.maven:_io.netty:netty-common:4.0.14.final.classpath"/>
    <path refid="library.maven:_io.netty:netty-transport:4.0.14.final.classpath"/>
    <path refid="library.maven:_io.netty:netty-handler:4.0.14.final.classpath"/>
    <path refid="library.maven:_io.netty:netty-codec-http:4.0.14.final.classpath"/>
    <path refid="library.maven:_io.netty:netty-codec:4.0.14.final.classpath"/>
    <path refid="library.maven:_com.fasterxml.jackson.core:jackson-core:2.3.1.classpath"/>
    <path refid="library.maven:_com.fasterxml.jackson.core:jackson-databind:2.3.1.classpath"/>
    <path refid="library.maven:_com.fasterxml.jackson.core:jackson-annotations:2.3.0.classpath"/>
    <path refid="library.maven:_redis.clients:jedis:2.8.0.classpath"/>
    <path refid="library.maven:_org.apache.commons:commons-pool2:2.3.classpath"/>
    <path refid="library.maven:_junit:junit:4.11.classpath"/>
    <path refid="library.maven:_org.hamcrest:hamcrest-core:1.3.classpath"/>
    <path refid="library.maven:_com.google.code.gson:gson:2.4.classpath"/>
    <path refid="library.maven:_com.alibaba:fastjson:1.2.3.classpath"/>
    <path refid="library.maven:_javax.servlet:javax.servlet-api:3.0.1.classpath"/>
    <path refid="library.maven:_log4j:log4j:1.2.16.classpath"/>
    <path refid="library.maven:_org.slf4j:slf4j-api:1.6.1.classpath"/>
    <path refid="library.maven:_org.slf4j:slf4j-log4j12:1.6.1.classpath"/>
    <path refid="library.maven:_commons-logging:commons-logging:1.1.3.classpath"/>
    <path refid="library.maven:_org.apache.httpcomponents:httpclient:4.3.6.classpath"/>
    <path refid="library.maven:_org.apache.httpcomponents:httpcore:4.3.3.classpath"/>
    <path refid="library.maven:_commons-codec:commons-codec:1.6.classpath"/>
    <path refid="library.maven:_org.springframework:spring-beans:3.2.6.release.classpath"/>
    <path refid="library.maven:_org.springframework:spring-aop:3.2.6.release.classpath"/>
    <path refid="library.maven:_org.springframework:spring-context:3.2.6.release.classpath"/>
    <path refid="library.maven:_org.springframework:spring-expression:3.2.6.release.classpath"/>
    <path refid="library.maven:_org.springframework:spring-context-support:3.2.6.release.classpath"/>
    <path refid="library.maven:_org.springframework:spring-tx:3.2.6.release.classpath"/>
    <path refid="library.maven:_org.springframework:spring-jdbc:3.2.6.release.classpath"/>
    <path refid="library.maven:_org.springframework:spring-test:3.2.6.release.classpath"/>
    <path refid="library.maven:_mysql:mysql-connector-java:5.0.5.classpath"/>
    <path refid="library.maven:_maven:dom4j:1.7-20060614.classpath"/>
    <path refid="library.maven:_jaxme:jaxme-api:0.3.classpath"/>
    <path refid="library.maven:_jaxen:jaxen:1.1-beta-8.classpath"/>
    <path refid="library.maven:_dom4j:dom4j:1.6.1.classpath"/>
    <path refid="library.maven:_jdom:jdom:1.0.classpath"/>
    <path refid="library.maven:_xerces:xmlparserapis:2.6.2.classpath"/>
    <path refid="library.maven:_xom:xom:1.0b3.classpath"/>
    <path refid="library.maven:_com.ibm.icu:icu4j:2.6.1.classpath"/>
    <path refid="library.maven:_org.ccil.cowan.tagsoup:tagsoup:0.9.7.classpath"/>
    <path refid="library.maven:_msv:xsdlib:20030807.classpath"/>
    <path refid="library.maven:_msv:relaxngdatatype:20030807.classpath"/>
    <path refid="library.maven:_pull-parser:pull-parser:2.1.10.classpath"/>
    <path refid="library.maven:_xpp3:xpp3:1.1.3.3.classpath"/>
    <path refid="library.maven:_stax:stax-api:1.0.classpath"/>
    <path refid="library.maven:_junitperf:junitperf:1.8.classpath"/>
    <path refid="library.maven:_commons-dbcp:commons-dbcp:1.3.classpath"/>
    <path refid="library.maven:_commons-pool:commons-pool:1.5.4.classpath"/>
    <path refid="library.maven:_net.sourceforge.htmlunit:htmlunit-core-js:2.15.classpath"/>
    <path refid="library.maven:_net.sourceforge.htmlunit:htmlunit:2.15.classpath"/>
    <path refid="library.maven:_xalan:xalan:2.7.1.classpath"/>
    <path refid="library.maven:_xalan:serializer:2.7.1.classpath"/>
    <path refid="library.maven:_commons-collections:commons-collections:3.2.1.classpath"/>
    <path refid="library.maven:_org.apache.commons:commons-lang3:3.3.2.classpath"/>
    <path refid="library.maven:_org.apache.httpcomponents:httpmime:4.3.3.classpath"/>
    <path refid="library.maven:_xerces:xercesimpl:2.11.0.classpath"/>
    <path refid="library.maven:_net.sourceforge.nekohtml:nekohtml:1.9.21.classpath"/>
    <path refid="library.maven:_net.sourceforge.cssparser:cssparser:0.9.14.classpath"/>
    <path refid="library.maven:_org.w3c.css:sac:1.3.classpath"/>
    <path refid="library.maven:_commons-io:commons-io:2.4.classpath"/>
    <path refid="library.maven:_org.eclipse.jetty:jetty-websocket:8.1.15.v20140411.classpath"/>
    <path refid="library.maven:_org.eclipse.jetty:jetty-util:8.1.15.v20140411.classpath"/>
    <path refid="library.maven:_org.eclipse.jetty:jetty-io:8.1.15.v20140411.classpath"/>
    <path refid="library.maven:_org.eclipse.jetty:jetty-http:8.1.15.v20140411.classpath"/>
    <path refid="library.maven:_xml-apis:xml-apis:1.4.01.classpath"/>
    <path refid="library.maven:_com.googlecode.json-simple:json-simple:1.1.1.classpath"/>
  </path>
  
  <path id="edaixi-api-autotest-apiserver.runtime.module.classpath">
    <pathelement location="${edaixi-api-autotest-apiserver.testoutput.dir}"/>
    <pathelement location="${edaixi-api-autotest-apiserver.output.dir}"/>
    <path refid="library.maven:_org.springframework:spring-web:3.2.6.release.classpath"/>
    <path refid="library.maven:_aopalliance:aopalliance:1.0.classpath"/>
    <path refid="library.maven:_org.springframework:spring-core:3.2.6.release.classpath"/>
    <path refid="library.maven:_com.google.guava:guava:17.0.classpath"/>
    <path refid="library.maven:_com.edaixi.base.qa:base-qa-common:1.9.classpath"/>
    <path refid="library.maven:_org.redisson:redisson:1.0.2.classpath"/>
    <path refid="library.maven:_io.netty:netty-buffer:4.0.14.final.classpath"/>
    <path refid="library.maven:_io.netty:netty-common:4.0.14.final.classpath"/>
    <path refid="library.maven:_io.netty:netty-transport:4.0.14.final.classpath"/>
    <path refid="library.maven:_io.netty:netty-handler:4.0.14.final.classpath"/>
    <path refid="library.maven:_io.netty:netty-codec-http:4.0.14.final.classpath"/>
    <path refid="library.maven:_io.netty:netty-codec:4.0.14.final.classpath"/>
    <path refid="library.maven:_com.fasterxml.jackson.core:jackson-core:2.3.1.classpath"/>
    <path refid="library.maven:_com.fasterxml.jackson.core:jackson-databind:2.3.1.classpath"/>
    <path refid="library.maven:_com.fasterxml.jackson.core:jackson-annotations:2.3.0.classpath"/>
    <path refid="library.maven:_redis.clients:jedis:2.8.0.classpath"/>
    <path refid="library.maven:_org.apache.commons:commons-pool2:2.3.classpath"/>
    <path refid="library.maven:_junit:junit:4.11.classpath"/>
    <path refid="library.maven:_org.hamcrest:hamcrest-core:1.3.classpath"/>
    <path refid="library.maven:_com.google.code.gson:gson:2.4.classpath"/>
    <path refid="library.maven:_com.alibaba:fastjson:1.2.3.classpath"/>
    <path refid="library.maven:_javax.servlet:javax.servlet-api:3.0.1.classpath"/>
    <path refid="library.maven:_log4j:log4j:1.2.16.classpath"/>
    <path refid="library.maven:_org.slf4j:slf4j-api:1.6.1.classpath"/>
    <path refid="library.maven:_org.slf4j:slf4j-log4j12:1.6.1.classpath"/>
    <path refid="library.maven:_commons-logging:commons-logging:1.1.3.classpath"/>
    <path refid="library.maven:_org.apache.httpcomponents:httpclient:4.3.6.classpath"/>
    <path refid="library.maven:_org.apache.httpcomponents:httpcore:4.3.3.classpath"/>
    <path refid="library.maven:_commons-codec:commons-codec:1.6.classpath"/>
    <path refid="library.maven:_org.springframework:spring-beans:3.2.6.release.classpath"/>
    <path refid="library.maven:_org.springframework:spring-aop:3.2.6.release.classpath"/>
    <path refid="library.maven:_org.springframework:spring-context:3.2.6.release.classpath"/>
    <path refid="library.maven:_org.springframework:spring-expression:3.2.6.release.classpath"/>
    <path refid="library.maven:_org.springframework:spring-context-support:3.2.6.release.classpath"/>
    <path refid="library.maven:_org.springframework:spring-tx:3.2.6.release.classpath"/>
    <path refid="library.maven:_org.springframework:spring-jdbc:3.2.6.release.classpath"/>
    <path refid="library.maven:_org.springframework:spring-test:3.2.6.release.classpath"/>
    <path refid="library.maven:_mysql:mysql-connector-java:5.0.5.classpath"/>
    <path refid="library.maven:_maven:dom4j:1.7-20060614.classpath"/>
    <path refid="library.maven:_jaxme:jaxme-api:0.3.classpath"/>
    <path refid="library.maven:_jaxen:jaxen:1.1-beta-8.classpath"/>
    <path refid="library.maven:_dom4j:dom4j:1.6.1.classpath"/>
    <path refid="library.maven:_jdom:jdom:1.0.classpath"/>
    <path refid="library.maven:_xerces:xmlparserapis:2.6.2.classpath"/>
    <path refid="library.maven:_xom:xom:1.0b3.classpath"/>
    <path refid="library.maven:_com.ibm.icu:icu4j:2.6.1.classpath"/>
    <path refid="library.maven:_org.ccil.cowan.tagsoup:tagsoup:0.9.7.classpath"/>
    <path refid="library.maven:_msv:xsdlib:20030807.classpath"/>
    <path refid="library.maven:_msv:relaxngdatatype:20030807.classpath"/>
    <path refid="library.maven:_pull-parser:pull-parser:2.1.10.classpath"/>
    <path refid="library.maven:_xpp3:xpp3:1.1.3.3.classpath"/>
    <path refid="library.maven:_stax:stax-api:1.0.classpath"/>
    <path refid="library.maven:_junitperf:junitperf:1.8.classpath"/>
    <path refid="library.maven:_commons-dbcp:commons-dbcp:1.3.classpath"/>
    <path refid="library.maven:_commons-pool:commons-pool:1.5.4.classpath"/>
    <path refid="library.maven:_net.sourceforge.htmlunit:htmlunit-core-js:2.15.classpath"/>
    <path refid="library.maven:_net.sourceforge.htmlunit:htmlunit:2.15.classpath"/>
    <path refid="library.maven:_xalan:xalan:2.7.1.classpath"/>
    <path refid="library.maven:_xalan:serializer:2.7.1.classpath"/>
    <path refid="library.maven:_commons-collections:commons-collections:3.2.1.classpath"/>
    <path refid="library.maven:_org.apache.commons:commons-lang3:3.3.2.classpath"/>
    <path refid="library.maven:_org.apache.httpcomponents:httpmime:4.3.3.classpath"/>
    <path refid="library.maven:_xerces:xercesimpl:2.11.0.classpath"/>
    <path refid="library.maven:_net.sourceforge.nekohtml:nekohtml:1.9.21.classpath"/>
    <path refid="library.maven:_net.sourceforge.cssparser:cssparser:0.9.14.classpath"/>
    <path refid="library.maven:_org.w3c.css:sac:1.3.classpath"/>
    <path refid="library.maven:_commons-io:commons-io:2.4.classpath"/>
    <path refid="library.maven:_org.eclipse.jetty:jetty-websocket:8.1.15.v20140411.classpath"/>
    <path refid="library.maven:_org.eclipse.jetty:jetty-util:8.1.15.v20140411.classpath"/>
    <path refid="library.maven:_org.eclipse.jetty:jetty-io:8.1.15.v20140411.classpath"/>
    <path refid="library.maven:_org.eclipse.jetty:jetty-http:8.1.15.v20140411.classpath"/>
    <path refid="library.maven:_xml-apis:xml-apis:1.4.01.classpath"/>
    <path refid="library.maven:_com.googlecode.json-simple:json-simple:1.1.1.classpath"/>
  </path>
  
  
  <patternset id="excluded.from.module.edaixi-api-autotest-apiserver">
    <patternset refid="ignored.files"/>
  </patternset>
  
  <patternset id="excluded.from.compilation.edaixi-api-autotest-apiserver">
    <patternset refid="excluded.from.module.edaixi-api-autotest-apiserver"/>
  </patternset>
  
  <path id="edaixi-api-autotest-apiserver.module.sourcepath">
    <dirset dir="${module.edaixi-api-autotest-apiserver.basedir}">
      <include name="src/main/java"/>
      <include name="src/main/resources"/>
    </dirset>
  </path>
  
  <path id="edaixi-api-autotest-apiserver.module.test.sourcepath">
    <dirset dir="${module.edaixi-api-autotest-apiserver.basedir}">
      <include name="src/test/java"/>
    </dirset>
  </path>
  
  
  <target name="compile.module.edaixi-api-autotest-apiserver" depends="compile.module.edaixi-api-autotest-apiserver.production,compile.module.edaixi-api-autotest-apiserver.tests" description="Compile module edaixi-api-autotest-apiserver"/>
  
  <target name="compile.module.edaixi-api-autotest-apiserver.production" depends="register.custom.compilers" description="Compile module edaixi-api-autotest-apiserver; production classes">
    <mkdir dir="${edaixi-api-autotest-apiserver.output.dir}"/>
    <javac2 destdir="${edaixi-api-autotest-apiserver.output.dir}" debug="${compiler.debug}" nowarn="${compiler.generate.no.warnings}" memorymaximumsize="${compiler.max.memory}" fork="true" executable="${module.jdk.bin.edaixi-api-autotest-apiserver}/javac">
      <compilerarg line="${compiler.args.edaixi-api-autotest-apiserver}"/>
      <bootclasspath refid="edaixi-api-autotest-apiserver.module.bootclasspath"/>
      <classpath refid="edaixi-api-autotest-apiserver.module.production.classpath"/>
      <src refid="edaixi-api-autotest-apiserver.module.sourcepath"/>
      <patternset refid="excluded.from.compilation.edaixi-api-autotest-apiserver"/>
    </javac2>
    
    <copy todir="${edaixi-api-autotest-apiserver.output.dir}">
      <fileset dir="${module.edaixi-api-autotest-apiserver.basedir}/src/main/java">
        <patternset refid="compiler.resources"/>
        <type type="file"/>
      </fileset>
      <fileset dir="${module.edaixi-api-autotest-apiserver.basedir}/src/main/resources">
        <patternset refid="compiler.resources"/>
        <type type="file"/>
      </fileset>
    </copy>
  </target>
  
  <target name="compile.module.edaixi-api-autotest-apiserver.tests" depends="register.custom.compilers,compile.module.edaixi-api-autotest-apiserver.production" description="compile module edaixi-api-autotest-apiserver; test classes" unless="skip.tests">
    <mkdir dir="${edaixi-api-autotest-apiserver.testoutput.dir}"/>
    <javac2 destdir="${edaixi-api-autotest-apiserver.testoutput.dir}" debug="${compiler.debug}" nowarn="${compiler.generate.no.warnings}" memorymaximumsize="${compiler.max.memory}" fork="true" executable="${module.jdk.bin.edaixi-api-autotest-apiserver}/javac">
      <compilerarg line="${compiler.args.edaixi-api-autotest-apiserver}"/>
      <bootclasspath refid="edaixi-api-autotest-apiserver.module.bootclasspath"/>
      <classpath refid="edaixi-api-autotest-apiserver.module.classpath"/>
      <src refid="edaixi-api-autotest-apiserver.module.test.sourcepath"/>
      <patternset refid="excluded.from.compilation.edaixi-api-autotest-apiserver"/>
    </javac2>
    
    <copy todir="${edaixi-api-autotest-apiserver.testoutput.dir}">
      <fileset dir="${module.edaixi-api-autotest-apiserver.basedir}/src/test/java">
        <patternset refid="compiler.resources"/>
        <type type="file"/>
      </fileset>
    </copy>
  </target>
  
  <target name="clean.module.edaixi-api-autotest-apiserver" description="cleanup module">
    <delete dir="${edaixi-api-autotest-apiserver.output.dir}"/>
    <delete dir="${edaixi-api-autotest-apiserver.testoutput.dir}"/>
  </target>
</project>