<?xml version="1.0" encoding="UTF-8"?>
<project name="edaixi-api-autotest" default="all">
  
  
  <property file="edaixi-api-autotest.properties"/>
  <!-- Uncomment the following property if no tests compilation is needed -->
  <!-- 
  <property name="skip.tests" value="true"/>
   -->
  
  <!-- Compiler options -->
  
  <property name="compiler.debug" value="on"/>
  <property name="compiler.generate.no.warnings" value="off"/>
  <property name="compiler.args" value=""/>
  <property name="compiler.max.memory" value="700m"/>
  <patternset id="ignored.files">
    <exclude name="**/*.hprof/**"/>
    <exclude name="**/*.pyc/**"/>
    <exclude name="**/*.pyo/**"/>
    <exclude name="**/*.rbc/**"/>
    <exclude name="**/*~/**"/>
    <exclude name="**/.DS_Store/**"/>
    <exclude name="**/.bundle/**"/>
    <exclude name="**/.git/**"/>
    <exclude name="**/.hg/**"/>
    <exclude name="**/.svn/**"/>
    <exclude name="**/.tox/**"/>
    <exclude name="**/CVS/**"/>
    <exclude name="**/RCS/**"/>
    <exclude name="**/SCCS/**"/>
    <exclude name="**/__pycache__/**"/>
    <exclude name="**/_svn/**"/>
    <exclude name="**/rcs/**"/>
    <exclude name="**/vssver.scc/**"/>
    <exclude name="**/vssver2.scc/**"/>
  </patternset>
  <patternset id="library.patterns">
    <include name="*.war"/>
    <include name="*.ear"/>
    <include name="*.apk"/>
    <include name="*.zip"/>
    <include name="*.swc"/>
    <include name="*.ane"/>
    <include name="*.egg"/>
    <include name="*.jar"/>
  </patternset>
  <patternset id="compiler.resources">
    <exclude name="**/?*.java"/>
    <exclude name="**/?*.form"/>
    <exclude name="**/?*.class"/>
    <exclude name="**/?*.groovy"/>
    <exclude name="**/?*.scala"/>
    <exclude name="**/?*.flex"/>
    <exclude name="**/?*.kt"/>
    <exclude name="**/?*.clj"/>
    <exclude name="**/?*.aj"/>
  </patternset>
  
  <!-- JDK definitions -->
  
  <property name="jdk.bin.1.8" value="${jdk.home.1.8}/bin"/>
  <path id="jdk.classpath.1.8">
    <fileset dir="${jdk.home.1.8}">
      <include name="lib/ant-javafx.jar"/>
      <include name="lib/dt.jar"/>
      <include name="lib/javafx-mx.jar"/>
      <include name="lib/jconsole.jar"/>
      <include name="lib/packager.jar"/>
      <include name="lib/sa-jdi.jar"/>
      <include name="lib/tools.jar"/>
      <include name="jre/lib/charsets.jar"/>
      <include name="jre/lib/deploy.jar"/>
      <include name="jre/lib/javaws.jar"/>
      <include name="jre/lib/jce.jar"/>
      <include name="jre/lib/jfr.jar"/>
      <include name="jre/lib/jfxswt.jar"/>
      <include name="jre/lib/jsse.jar"/>
      <include name="jre/lib/management-agent.jar"/>
      <include name="jre/lib/plugin.jar"/>
      <include name="jre/lib/resources.jar"/>
      <include name="jre/lib/rt.jar"/>
      <include name="jre/lib/ext/cldrdata.jar"/>
      <include name="jre/lib/ext/dnsns.jar"/>
      <include name="jre/lib/ext/jaccess.jar"/>
      <include name="jre/lib/ext/jfxrt.jar"/>
      <include name="jre/lib/ext/localedata.jar"/>
      <include name="jre/lib/ext/nashorn.jar"/>
      <include name="jre/lib/ext/sunec.jar"/>
      <include name="jre/lib/ext/sunjce_provider.jar"/>
      <include name="jre/lib/ext/sunpkcs11.jar"/>
      <include name="jre/lib/ext/zipfs.jar"/>
    </fileset>
  </path>
  
  <property name="project.jdk.home" value="${jdk.home.1.8}"/>
  <property name="project.jdk.bin" value="${jdk.bin.1.8}"/>
  <property name="project.jdk.classpath" value="jdk.classpath.1.8"/>
  
  
  <!-- Project Libraries -->
  
  <path id="library.maven:_aopalliance:aopalliance:1.0.classpath">
    <pathelement location="${path.variable.maven_repository}/aopalliance/aopalliance/1.0/aopalliance-1.0.jar"/>
  </path>
  
  <path id="library.maven:_com.alibaba:fastjson:1.2.3.classpath">
    <pathelement location="${path.variable.maven_repository}/com/alibaba/fastjson/1.2.3/fastjson-1.2.3.jar"/>
  </path>
  
  <path id="library.maven:_com.edaixi.base.qa:base-qa-common:1.9.classpath">
    <pathelement location="${path.variable.maven_repository}/com/edaixi/base/qa/base-qa-common/1.9/base-qa-common-1.9.jar"/>
  </path>
  
  <path id="library.maven:_com.fasterxml.jackson.core:jackson-annotations:2.3.0.classpath">
    <pathelement location="${path.variable.maven_repository}/com/fasterxml/jackson/core/jackson-annotations/2.3.0/jackson-annotations-2.3.0.jar"/>
  </path>
  
  <path id="library.maven:_com.fasterxml.jackson.core:jackson-core:2.3.1.classpath">
    <pathelement location="${path.variable.maven_repository}/com/fasterxml/jackson/core/jackson-core/2.3.1/jackson-core-2.3.1.jar"/>
  </path>
  
  <path id="library.maven:_com.fasterxml.jackson.core:jackson-databind:2.3.1.classpath">
    <pathelement location="${path.variable.maven_repository}/com/fasterxml/jackson/core/jackson-databind/2.3.1/jackson-databind-2.3.1.jar"/>
  </path>
  
  <path id="library.maven:_com.google.code.gson:gson:2.4.classpath">
    <pathelement location="${path.variable.maven_repository}/com/google/code/gson/gson/2.4/gson-2.4.jar"/>
  </path>
  
  <path id="library.maven:_com.google.guava:guava:17.0.classpath">
    <pathelement location="${path.variable.maven_repository}/com/google/guava/guava/17.0/guava-17.0.jar"/>
  </path>
  
  <path id="library.maven:_com.googlecode.json-simple:json-simple:1.1.1.classpath">
    <pathelement location="${path.variable.maven_repository}/com/googlecode/json-simple/json-simple/1.1.1/json-simple-1.1.1.jar"/>
  </path>
  
  <path id="library.maven:_com.ibm.icu:icu4j:2.6.1.classpath">
    <pathelement location="${path.variable.maven_repository}/com/ibm/icu/icu4j/2.6.1/icu4j-2.6.1.jar"/>
  </path>
  
  <path id="library.maven:_commons-codec:commons-codec:1.6.classpath">
    <pathelement location="${path.variable.maven_repository}/commons-codec/commons-codec/1.6/commons-codec-1.6.jar"/>
  </path>
  
  <path id="library.maven:_commons-collections:commons-collections:3.2.1.classpath">
    <pathelement location="${path.variable.maven_repository}/commons-collections/commons-collections/3.2.1/commons-collections-3.2.1.jar"/>
  </path>
  
  <path id="library.maven:_commons-dbcp:commons-dbcp:1.3.classpath">
    <pathelement location="${path.variable.maven_repository}/commons-dbcp/commons-dbcp/1.3/commons-dbcp-1.3.jar"/>
  </path>
  
  <path id="library.maven:_commons-io:commons-io:2.4.classpath">
    <pathelement location="${path.variable.maven_repository}/commons-io/commons-io/2.4/commons-io-2.4.jar"/>
  </path>
  
  <path id="library.maven:_commons-logging:commons-logging:1.1.3.classpath">
    <pathelement location="${path.variable.maven_repository}/commons-logging/commons-logging/1.1.3/commons-logging-1.1.3.jar"/>
  </path>
  
  <path id="library.maven:_commons-pool:commons-pool:1.5.4.classpath">
    <pathelement location="${path.variable.maven_repository}/commons-pool/commons-pool/1.5.4/commons-pool-1.5.4.jar"/>
  </path>
  
  <path id="library.maven:_dom4j:dom4j:1.6.1.classpath">
    <pathelement location="${path.variable.maven_repository}/dom4j/dom4j/1.6.1/dom4j-1.6.1.jar"/>
  </path>
  
  <path id="library.maven:_io.netty:netty-buffer:4.0.14.final.classpath">
    <pathelement location="${path.variable.maven_repository}/io/netty/netty-buffer/4.0.14.Final/netty-buffer-4.0.14.Final.jar"/>
  </path>
  
  <path id="library.maven:_io.netty:netty-codec-http:4.0.14.final.classpath">
    <pathelement location="${path.variable.maven_repository}/io/netty/netty-codec-http/4.0.14.Final/netty-codec-http-4.0.14.Final.jar"/>
  </path>
  
  <path id="library.maven:_io.netty:netty-codec:4.0.14.final.classpath">
    <pathelement location="${path.variable.maven_repository}/io/netty/netty-codec/4.0.14.Final/netty-codec-4.0.14.Final.jar"/>
  </path>
  
  <path id="library.maven:_io.netty:netty-common:4.0.14.final.classpath">
    <pathelement location="${path.variable.maven_repository}/io/netty/netty-common/4.0.14.Final/netty-common-4.0.14.Final.jar"/>
  </path>
  
  <path id="library.maven:_io.netty:netty-handler:4.0.14.final.classpath">
    <pathelement location="${path.variable.maven_repository}/io/netty/netty-handler/4.0.14.Final/netty-handler-4.0.14.Final.jar"/>
  </path>
  
  <path id="library.maven:_io.netty:netty-transport:4.0.14.final.classpath">
    <pathelement location="${path.variable.maven_repository}/io/netty/netty-transport/4.0.14.Final/netty-transport-4.0.14.Final.jar"/>
  </path>
  
  <path id="library.maven:_javax.servlet:javax.servlet-api:3.0.1.classpath">
    <pathelement location="${path.variable.maven_repository}/javax/servlet/javax.servlet-api/3.0.1/javax.servlet-api-3.0.1.jar"/>
  </path>
  
  <path id="library.maven:_jaxen:jaxen:1.1-beta-8.classpath">
    <pathelement location="${path.variable.maven_repository}/jaxen/jaxen/1.1-beta-8/jaxen-1.1-beta-8.jar"/>
  </path>
  
  <path id="library.maven:_jaxme:jaxme-api:0.3.classpath">
    <pathelement location="${path.variable.maven_repository}/jaxme/jaxme-api/0.3/jaxme-api-0.3.jar"/>
  </path>
  
  <path id="library.maven:_jdom:jdom:1.0.classpath">
    <pathelement location="${path.variable.maven_repository}/jdom/jdom/1.0/jdom-1.0.jar"/>
  </path>
  
  <path id="library.maven:_junit:junit:4.11.classpath">
    <pathelement location="${path.variable.maven_repository}/junit/junit/4.11/junit-4.11.jar"/>
  </path>
  
  <path id="library.maven:_junitperf:junitperf:1.8.classpath">
    <pathelement location="${path.variable.maven_repository}/junitperf/junitperf/1.8/junitperf-1.8.jar"/>
  </path>
  
  <path id="library.maven:_log4j:log4j:1.2.16.classpath">
    <pathelement location="${path.variable.maven_repository}/log4j/log4j/1.2.16/log4j-1.2.16.jar"/>
  </path>
  
  <path id="library.maven:_maven:dom4j:1.7-20060614.classpath">
    <pathelement location="${path.variable.maven_repository}/maven/dom4j/1.7-20060614/dom4j-1.7-20060614.jar"/>
  </path>
  
  <path id="library.maven:_msv:relaxngdatatype:20030807.classpath">
    <pathelement location="${path.variable.maven_repository}/msv/relaxngDatatype/20030807/relaxngDatatype-20030807.jar"/>
  </path>
  
  <path id="library.maven:_msv:xsdlib:20030807.classpath">
    <pathelement location="${path.variable.maven_repository}/msv/xsdlib/20030807/xsdlib-20030807.jar"/>
  </path>
  
  <path id="library.maven:_mysql:mysql-connector-java:5.0.5.classpath">
    <pathelement location="${path.variable.maven_repository}/mysql/mysql-connector-java/5.0.5/mysql-connector-java-5.0.5.jar"/>
  </path>
  
  <path id="library.maven:_net.sourceforge.cssparser:cssparser:0.9.14.classpath">
    <pathelement location="${path.variable.maven_repository}/net/sourceforge/cssparser/cssparser/0.9.14/cssparser-0.9.14.jar"/>
  </path>
  
  <path id="library.maven:_net.sourceforge.htmlunit:htmlunit-core-js:2.15.classpath">
    <pathelement location="${path.variable.maven_repository}/net/sourceforge/htmlunit/htmlunit-core-js/2.15/htmlunit-core-js-2.15.jar"/>
  </path>
  
  <path id="library.maven:_net.sourceforge.htmlunit:htmlunit:2.15.classpath">
    <pathelement location="${path.variable.maven_repository}/net/sourceforge/htmlunit/htmlunit/2.15/htmlunit-2.15.jar"/>
  </path>
  
  <path id="library.maven:_net.sourceforge.nekohtml:nekohtml:1.9.21.classpath">
    <pathelement location="${path.variable.maven_repository}/net/sourceforge/nekohtml/nekohtml/1.9.21/nekohtml-1.9.21.jar"/>
  </path>
  
  <path id="library.maven:_org.apache.commons:commons-lang3:3.3.2.classpath">
    <pathelement location="${path.variable.maven_repository}/org/apache/commons/commons-lang3/3.3.2/commons-lang3-3.3.2.jar"/>
  </path>
  
  <path id="library.maven:_org.apache.commons:commons-pool2:2.3.classpath">
    <pathelement location="${path.variable.maven_repository}/org/apache/commons/commons-pool2/2.3/commons-pool2-2.3.jar"/>
  </path>
  
  <path id="library.maven:_org.apache.httpcomponents:httpclient:4.3.6.classpath">
    <pathelement location="${path.variable.maven_repository}/org/apache/httpcomponents/httpclient/4.3.6/httpclient-4.3.6.jar"/>
  </path>
  
  <path id="library.maven:_org.apache.httpcomponents:httpcore:4.3.3.classpath">
    <pathelement location="${path.variable.maven_repository}/org/apache/httpcomponents/httpcore/4.3.3/httpcore-4.3.3.jar"/>
  </path>
  
  <path id="library.maven:_org.apache.httpcomponents:httpmime:4.3.3.classpath">
    <pathelement location="${path.variable.maven_repository}/org/apache/httpcomponents/httpmime/4.3.3/httpmime-4.3.3.jar"/>
  </path>
  
  <path id="library.maven:_org.ccil.cowan.tagsoup:tagsoup:0.9.7.classpath">
    <pathelement location="${path.variable.maven_repository}/org/ccil/cowan/tagsoup/tagsoup/0.9.7/tagsoup-0.9.7.jar"/>
  </path>
  
  <path id="library.maven:_org.eclipse.jetty:jetty-http:8.1.15.v20140411.classpath">
    <pathelement location="${path.variable.maven_repository}/org/eclipse/jetty/jetty-http/8.1.15.v20140411/jetty-http-8.1.15.v20140411.jar"/>
  </path>
  
  <path id="library.maven:_org.eclipse.jetty:jetty-io:8.1.15.v20140411.classpath">
    <pathelement location="${path.variable.maven_repository}/org/eclipse/jetty/jetty-io/8.1.15.v20140411/jetty-io-8.1.15.v20140411.jar"/>
  </path>
  
  <path id="library.maven:_org.eclipse.jetty:jetty-util:8.1.15.v20140411.classpath">
    <pathelement location="${path.variable.maven_repository}/org/eclipse/jetty/jetty-util/8.1.15.v20140411/jetty-util-8.1.15.v20140411.jar"/>
  </path>
  
  <path id="library.maven:_org.eclipse.jetty:jetty-websocket:8.1.15.v20140411.classpath">
    <pathelement location="${path.variable.maven_repository}/org/eclipse/jetty/jetty-websocket/8.1.15.v20140411/jetty-websocket-8.1.15.v20140411.jar"/>
  </path>
  
  <path id="library.maven:_org.hamcrest:hamcrest-core:1.3.classpath">
    <pathelement location="${path.variable.maven_repository}/org/hamcrest/hamcrest-core/1.3/hamcrest-core-1.3.jar"/>
  </path>
  
  <path id="library.maven:_org.redisson:redisson:1.0.2.classpath">
    <pathelement location="${path.variable.maven_repository}/org/redisson/redisson/1.0.2/redisson-1.0.2.jar"/>
  </path>
  
  <path id="library.maven:_org.slf4j:slf4j-api:1.6.1.classpath">
    <pathelement location="${path.variable.maven_repository}/org/slf4j/slf4j-api/1.6.1/slf4j-api-1.6.1.jar"/>
  </path>
  
  <path id="library.maven:_org.slf4j:slf4j-log4j12:1.6.1.classpath">
    <pathelement location="${path.variable.maven_repository}/org/slf4j/slf4j-log4j12/1.6.1/slf4j-log4j12-1.6.1.jar"/>
  </path>
  
  <path id="library.maven:_org.springframework:spring-aop:3.2.6.release.classpath">
    <pathelement location="${path.variable.maven_repository}/org/springframework/spring-aop/3.2.6.RELEASE/spring-aop-3.2.6.RELEASE.jar"/>
  </path>
  
  <path id="library.maven:_org.springframework:spring-beans:3.2.6.release.classpath">
    <pathelement location="${path.variable.maven_repository}/org/springframework/spring-beans/3.2.6.RELEASE/spring-beans-3.2.6.RELEASE.jar"/>
  </path>
  
  <path id="library.maven:_org.springframework:spring-context-support:3.2.6.release.classpath">
    <pathelement location="${path.variable.maven_repository}/org/springframework/spring-context-support/3.2.6.RELEASE/spring-context-support-3.2.6.RELEASE.jar"/>
  </path>
  
  <path id="library.maven:_org.springframework:spring-context:3.2.6.release.classpath">
    <pathelement location="${path.variable.maven_repository}/org/springframework/spring-context/3.2.6.RELEASE/spring-context-3.2.6.RELEASE.jar"/>
  </path>
  
  <path id="library.maven:_org.springframework:spring-core:3.2.6.release.classpath">
    <pathelement location="${path.variable.maven_repository}/org/springframework/spring-core/3.2.6.RELEASE/spring-core-3.2.6.RELEASE.jar"/>
  </path>
  
  <path id="library.maven:_org.springframework:spring-expression:3.2.6.release.classpath">
    <pathelement location="${path.variable.maven_repository}/org/springframework/spring-expression/3.2.6.RELEASE/spring-expression-3.2.6.RELEASE.jar"/>
  </path>
  
  <path id="library.maven:_org.springframework:spring-jdbc:3.2.6.release.classpath">
    <pathelement location="${path.variable.maven_repository}/org/springframework/spring-jdbc/3.2.6.RELEASE/spring-jdbc-3.2.6.RELEASE.jar"/>
  </path>
  
  <path id="library.maven:_org.springframework:spring-test:3.2.6.release.classpath">
    <pathelement location="${path.variable.maven_repository}/org/springframework/spring-test/3.2.6.RELEASE/spring-test-3.2.6.RELEASE.jar"/>
  </path>
  
  <path id="library.maven:_org.springframework:spring-tx:3.2.6.release.classpath">
    <pathelement location="${path.variable.maven_repository}/org/springframework/spring-tx/3.2.6.RELEASE/spring-tx-3.2.6.RELEASE.jar"/>
  </path>
  
  <path id="library.maven:_org.springframework:spring-web:3.2.6.release.classpath">
    <pathelement location="${path.variable.maven_repository}/org/springframework/spring-web/3.2.6.RELEASE/spring-web-3.2.6.RELEASE.jar"/>
  </path>
  
  <path id="library.maven:_org.w3c.css:sac:1.3.classpath">
    <pathelement location="${path.variable.maven_repository}/org/w3c/css/sac/1.3/sac-1.3.jar"/>
  </path>
  
  <path id="library.maven:_pull-parser:pull-parser:2.1.10.classpath">
    <pathelement location="${path.variable.maven_repository}/pull-parser/pull-parser/2.1.10/pull-parser-2.1.10.jar"/>
  </path>
  
  <path id="library.maven:_redis.clients:jedis:2.8.0.classpath">
    <pathelement location="${path.variable.maven_repository}/redis/clients/jedis/2.8.0/jedis-2.8.0.jar"/>
  </path>
  
  <path id="library.maven:_stax:stax-api:1.0.classpath">
    <pathelement location="${path.variable.maven_repository}/stax/stax-api/1.0/stax-api-1.0.jar"/>
  </path>
  
  <path id="library.maven:_xalan:serializer:2.7.1.classpath">
    <pathelement location="${path.variable.maven_repository}/xalan/serializer/2.7.1/serializer-2.7.1.jar"/>
  </path>
  
  <path id="library.maven:_xalan:xalan:2.7.1.classpath">
    <pathelement location="${path.variable.maven_repository}/xalan/xalan/2.7.1/xalan-2.7.1.jar"/>
  </path>
  
  <path id="library.maven:_xerces:xercesimpl:2.11.0.classpath">
    <pathelement location="${path.variable.maven_repository}/xerces/xercesImpl/2.11.0/xercesImpl-2.11.0.jar"/>
  </path>
  
  <path id="library.maven:_xerces:xmlparserapis:2.6.2.classpath">
    <pathelement location="${path.variable.maven_repository}/xerces/xmlParserAPIs/2.6.2/xmlParserAPIs-2.6.2.jar"/>
  </path>
  
  <path id="library.maven:_xml-apis:xml-apis:1.4.01.classpath">
    <pathelement location="${path.variable.maven_repository}/xml-apis/xml-apis/1.4.01/xml-apis-1.4.01.jar"/>
  </path>
  
  <path id="library.maven:_xom:xom:1.0b3.classpath">
    <pathelement location="${path.variable.maven_repository}/xom/xom/1.0b3/xom-1.0b3.jar"/>
  </path>
  
  <path id="library.maven:_xpp3:xpp3:1.1.3.3.classpath">
    <pathelement location="${path.variable.maven_repository}/xpp3/xpp3/1.1.3.3/xpp3-1.1.3.3.jar"/>
  </path>
  
  
  <!-- Global Libraries -->
  <!-- Register Custom Compiler Taskdefs -->
  <property name="javac2.home" value="${idea.home}/lib"/>
  <path id="javac2.classpath">
    <pathelement location="${javac2.home}/javac2.jar"/>
    <pathelement location="${javac2.home}/jdom.jar"/>
    <pathelement location="${javac2.home}/asm-all.jar"/>
    <pathelement location="${javac2.home}/jgoodies-forms.jar"/>
  </path>
  <target name="register.custom.compilers">
    <taskdef name="javac2" classname="com.intellij.ant.Javac2" classpathref="javac2.classpath"/>
    <taskdef name="instrumentIdeaExtensions" classname="com.intellij.ant.InstrumentIdeaExtensions" classpathref="javac2.classpath"/>
  </target>
  
  <!-- Modules -->
  
  <import file="${basedir}/module_edaixi-api-autotest.xml"/>
  
  <import file="${basedir}/edaixi-api-autotest-apiserver/module_edaixi-api-autotest-apiserver.xml"/>
  
  <import file="${basedir}/edaixi-api-autotest-guanfan/module_edaixi-api-autotest-guanfan.xml"/>
  
  <import file="${basedir}/edaixi-api-autotest-guanjia/module_edaixi-api-autotest-guanjia.xml"/>
  
  <import file="${basedir}/edaixi-api-autotest-jiagongdian/module_edaixi-api-autotest-jiagongdian.xml"/>
  
  <import file="${basedir}/edaixi-api-autotest-open/module_edaixi-api-autotest-open.xml"/>
  
  <import file="${basedir}/edaixi-api-autotest-swoolapi/module_edaixi-api-autotest-swoolapi.xml"/>
  
  <target name="init" description="Build initialization">
    <!-- Perform any build initialization in this target -->
  </target>
  
  <target name="clean" depends="clean.module.edaixi-api-autotest, clean.module.edaixi-api-autotest-apiserver, clean.module.edaixi-api-autotest-guanfan, clean.module.edaixi-api-autotest-guanjia, clean.module.edaixi-api-autotest-jiagongdian, clean.module.edaixi-api-autotest-open, clean.module.edaixi-api-autotest-swoolapi" description="cleanup all"/>
  
  <target name="build.modules" depends="init, clean, compile.module.edaixi-api-autotest, compile.module.edaixi-api-autotest-apiserver, compile.module.edaixi-api-autotest-guanfan, compile.module.edaixi-api-autotest-guanjia, compile.module.edaixi-api-autotest-jiagongdian, compile.module.edaixi-api-autotest-open, compile.module.edaixi-api-autotest-swoolapi" description="build all modules"/>
  
  <target name="all" depends="build.modules" description="build all"/>
</project>